[
  {
    "adstrd_nm": "서울시 강북구 삼양동",
    "adstrd_cd": 1130553400,
    "legaldong_nm": "미아동",
    "legaldong_cd": 1130510100,
    "tot_po": 23494,
    "tot_hshld_co": 9916,
    "hshld_per_po": 2.37,
    "ave_income_amt": 3467.21
  },
  {
    "adstrd_nm": "서울시 강북구 미아동",
    "adstrd_cd": 1130553500,
    "legaldong_nm": "미아동",
    "legaldong_cd": 1130510100,
    "tot_po": 22156,
    "tot_hshld_co": 10841,
    "hshld_per_po": 2.04,
    "ave_income_amt": 3467.21
  },
  {
    "adstrd_nm": "서울시 강북구 송중동",
    "adstrd_cd": 1130554500,
    "legaldong_nm": "미아동",
    "legaldong_cd": 1130510100,
    "tot_po": 29719,
    "tot_hshld_co": 13027,
    "hshld_per_po": 2.28,
    "ave_income_amt": 3467.21
  },
  {
    "adstrd_nm": "서울시 강북구 송천동",
    "adstrd_cd": 1130555500,
    "legaldong_nm": "미아동",
    "legaldong_cd": 1130510100,
    "tot_po": 26986,
    "tot_hshld_co": 12233,
    "hshld_per_po": 2.21,
    "ave_income_amt": 3467.21
  },
  {
    "adstrd_nm": "서울시 강북구 삼각산동",
    "adstrd_cd": 1130557500,
    "legaldong_nm": "미아동",
    "legaldong_cd": 1130510100,
    "tot_po": 30954,
    "tot_hshld_co": 11062,
    "hshld_per_po": 2.8,
    "ave_income_amt": 3467.21
  },
  {
    "adstrd_nm": "서울시 강북구 번1동",
    "adstrd_cd": 1130559500,
    "legaldong_nm": "번동",
    "legaldong_cd": 1130510200,
    "tot_po": 18848,
    "tot_hshld_co": 9514,
    "hshld_per_po": 1.98,
    "ave_income_amt": 3640.1
  },
  {
    "adstrd_nm": "서울시 강북구 번2동",
    "adstrd_cd": 1130560300,
    "legaldong_nm": "번동",
    "legaldong_cd": 1130510200,
    "tot_po": 15908,
    "tot_hshld_co": 7028,
    "hshld_per_po": 2.26,
    "ave_income_amt": 3640.1
  },
  {
    "adstrd_nm": "서울시 강북구 번3동",
    "adstrd_cd": 1130560800,
    "legaldong_nm": "번동",
    "legaldong_cd": 1130510200,
    "tot_po": 16994,
    "tot_hshld_co": 7159,
    "hshld_per_po": 2.37,
    "ave_income_amt": 3640.1
  },
  {
    "adstrd_nm": "서울시 강북구 수유1동",
    "adstrd_cd": 1130561500,
    "legaldong_nm": "수유동",
    "legaldong_cd": 1130510300,
    "tot_po": 20423,
    "tot_hshld_co": 9286,
    "hshld_per_po": 2.2,
    "ave_income_amt": 3657.81
  },
  {
    "adstrd_nm": "서울시 강북구 수유2동",
    "adstrd_cd": 1130562500,
    "legaldong_nm": "수유동",
    "legaldong_cd": 1130510300,
    "tot_po": 20591,
    "tot_hshld_co": 8792,
    "hshld_per_po": 2.34,
    "ave_income_amt": 3657.81
  },
  {
    "adstrd_nm": "서울시 강북구 수유3동",
    "adstrd_cd": 1130563500,
    "legaldong_nm": "수유동",
    "legaldong_cd": 1130510300,
    "tot_po": 22975,
    "tot_hshld_co": 11766,
    "hshld_per_po": 1.95,
    "ave_income_amt": 3657.81
  },
  {
    "adstrd_nm": "서울시 강북구 우이동",
    "adstrd_cd": 1130564500,
    "legaldong_nm": "수유동",
    "legaldong_cd": 1130510300,
    "tot_po": 20038,
    "tot_hshld_co": 8360,
    "hshld_per_po": 2.4,
    "ave_income_amt": 3657.81
  },
  {
    "adstrd_nm": "서울시 강북구 우이동",
    "adstrd_cd": 1130564500,
    "legaldong_nm": "우이동",
    "legaldong_cd": 1130510400,
    "tot_po": 20038,
    "tot_hshld_co": 8360,
    "hshld_per_po": 2.4,
    "ave_income_amt": 3679.82
  },
  {
    "adstrd_nm": "서울시 강북구 인수동",
    "adstrd_cd": 1130566000,
    "legaldong_nm": "수유동",
    "legaldong_cd": 1130510300,
    "tot_po": 30449,
    "tot_hshld_co": 12900,
    "hshld_per_po": 2.36,
    "ave_income_amt": 3657.81
  },
  {
    "adstrd_nm": "서울시 강서구 염창동",
    "adstrd_cd": 1150051000,
    "legaldong_nm": "염창동",
    "legaldong_cd": 1150010100,
    "tot_po": 40237,
    "tot_hshld_co": 14738,
    "hshld_per_po": 2.73,
    "ave_income_amt": 5252.97
  },
  {
    "adstrd_nm": "서울시 강서구 염창동",
    "adstrd_cd": 1150051000,
    "legaldong_nm": "가양동",
    "legaldong_cd": 1150010400,
    "tot_po": 40237,
    "tot_hshld_co": 14738,
    "hshld_per_po": 2.73,
    "ave_income_amt": 5241.12
  },
  {
    "adstrd_nm": "서울시 강서구 등촌1동",
    "adstrd_cd": 1150052000,
    "legaldong_nm": "등촌동",
    "legaldong_cd": 1150010200,
    "tot_po": 23182,
    "tot_hshld_co": 12072,
    "hshld_per_po": 1.92,
    "ave_income_amt": 5654.74
  },
  {
    "adstrd_nm": "서울시 강서구 등촌2동",
    "adstrd_cd": 1150053000,
    "legaldong_nm": "등촌동",
    "legaldong_cd": 1150010200,
    "tot_po": 20469,
    "tot_hshld_co": 8175,
    "hshld_per_po": 2.5,
    "ave_income_amt": 5654.74
  },
  {
    "adstrd_nm": "서울시 강서구 등촌3동",
    "adstrd_cd": 1150053500,
    "legaldong_nm": "등촌동",
    "legaldong_cd": 1150010200,
    "tot_po": 30611,
    "tot_hshld_co": 14231,
    "hshld_per_po": 2.15,
    "ave_income_amt": 5654.74
  },
  {
    "adstrd_nm": "서울시 강서구 화곡1동",
    "adstrd_cd": 1150054000,
    "legaldong_nm": "화곡동",
    "legaldong_cd": 1150010300,
    "tot_po": 51842,
    "tot_hshld_co": 25039,
    "hshld_per_po": 2.07,
    "ave_income_amt": 4585.7
  },
  {
    "adstrd_nm": "서울시 강서구 화곡2동",
    "adstrd_cd": 1150055000,
    "legaldong_nm": "화곡동",
    "legaldong_cd": 1150010300,
    "tot_po": 18213,
    "tot_hshld_co": 7734,
    "hshld_per_po": 2.35,
    "ave_income_amt": 4585.7
  },
  {
    "adstrd_nm": "서울시 강서구 화곡3동",
    "adstrd_cd": 1150056000,
    "legaldong_nm": "화곡동",
    "legaldong_cd": 1150010300,
    "tot_po": 21100,
    "tot_hshld_co": 8494,
    "hshld_per_po": 2.48,
    "ave_income_amt": 4585.7
  },
  {
    "adstrd_nm": "서울시 강서구 화곡4동",
    "adstrd_cd": 1150057000,
    "legaldong_nm": "화곡동",
    "legaldong_cd": 1150010300,
    "tot_po": 20909,
    "tot_hshld_co": 9112,
    "hshld_per_po": 2.29,
    "ave_income_amt": 4585.7
  },
  {
    "adstrd_nm": "서울시 강서구 화곡본동",
    "adstrd_cd": 1150059000,
    "legaldong_nm": "화곡동",
    "legaldong_cd": 1150010300,
    "tot_po": 33860,
    "tot_hshld_co": 15269,
    "hshld_per_po": 2.22,
    "ave_income_amt": 4585.7
  },
  {
    "adstrd_nm": "서울시 강서구 화곡6동",
    "adstrd_cd": 1150059100,
    "legaldong_nm": "화곡동",
    "legaldong_cd": 1150010300,
    "tot_po": 24019,
    "tot_hshld_co": 10918,
    "hshld_per_po": 2.2,
    "ave_income_amt": 4585.7
  },
  {
    "adstrd_nm": "서울시 강서구 화곡8동",
    "adstrd_cd": 1150059300,
    "legaldong_nm": "화곡동",
    "legaldong_cd": 1150010300,
    "tot_po": 24971,
    "tot_hshld_co": 10896,
    "hshld_per_po": 2.29,
    "ave_income_amt": 4585.7
  },
  {
    "adstrd_nm": "서울시 강서구 가양1동",
    "adstrd_cd": 1150060300,
    "legaldong_nm": "가양동",
    "legaldong_cd": 1150010400,
    "tot_po": 33187,
    "tot_hshld_co": 18753,
    "hshld_per_po": 1.77,
    "ave_income_amt": 5241.12
  },
  {
    "adstrd_nm": "서울시 강서구 가양1동",
    "adstrd_cd": 1150060300,
    "legaldong_nm": "마곡동",
    "legaldong_cd": 1150010500,
    "tot_po": 33187,
    "tot_hshld_co": 18753,
    "hshld_per_po": 1.77,
    "ave_income_amt": 6154.05
  },
  {
    "adstrd_nm": "서울시 강서구 가양2동",
    "adstrd_cd": 1150060400,
    "legaldong_nm": "가양동",
    "legaldong_cd": 1150010400,
    "tot_po": 14241,
    "tot_hshld_co": 7576,
    "hshld_per_po": 1.88,
    "ave_income_amt": 5241.12
  },
  {
    "adstrd_nm": "서울시 강서구 가양3동",
    "adstrd_cd": 1150060500,
    "legaldong_nm": "가양동",
    "legaldong_cd": 1150010400,
    "tot_po": 15023,
    "tot_hshld_co": 7485,
    "hshld_per_po": 2.01,
    "ave_income_amt": 5241.12
  },
  {
    "adstrd_nm": "서울시 강서구 발산1동",
    "adstrd_cd": 1150061100,
    "legaldong_nm": "마곡동",
    "legaldong_cd": 1150010500,
    "tot_po": 36552,
    "tot_hshld_co": 12779,
    "hshld_per_po": 2.86,
    "ave_income_amt": 6154.05
  },
  {
    "adstrd_nm": "서울시 강서구 발산1동",
    "adstrd_cd": 1150061100,
    "legaldong_nm": "내발산동",
    "legaldong_cd": 1150010600,
    "tot_po": 36552,
    "tot_hshld_co": 12779,
    "hshld_per_po": 2.86,
    "ave_income_amt": 5415.03
  },
  {
    "adstrd_nm": "서울시 강서구 발산1동",
    "adstrd_cd": 1150061100,
    "legaldong_nm": "외발산동",
    "legaldong_cd": 1150010700,
    "tot_po": 36552,
    "tot_hshld_co": 12779,
    "hshld_per_po": 2.86,
    "ave_income_amt": 6349
  },
  {
    "adstrd_nm": "서울시 강서구 우장산동",
    "adstrd_cd": 1150061500,
    "legaldong_nm": "화곡동",
    "legaldong_cd": 1150010300,
    "tot_po": 42184,
    "tot_hshld_co": 15050,
    "hshld_per_po": 2.8,
    "ave_income_amt": 4585.7
  },
  {
    "adstrd_nm": "서울시 강서구 우장산동",
    "adstrd_cd": 1150061500,
    "legaldong_nm": "내발산동",
    "legaldong_cd": 1150010600,
    "tot_po": 42184,
    "tot_hshld_co": 15050,
    "hshld_per_po": 2.8,
    "ave_income_amt": 5415.03
  },
  {
    "adstrd_nm": "서울시 강서구 공항동",
    "adstrd_cd": 1150062000,
    "legaldong_nm": "마곡동",
    "legaldong_cd": 1150010500,
    "tot_po": 26330,
    "tot_hshld_co": 11764,
    "hshld_per_po": 2.24,
    "ave_income_amt": 6154.05
  },
  {
    "adstrd_nm": "서울시 강서구 공항동",
    "adstrd_cd": 1150062000,
    "legaldong_nm": "공항동",
    "legaldong_cd": 1150010800,
    "tot_po": 26330,
    "tot_hshld_co": 11764,
    "hshld_per_po": 2.24,
    "ave_income_amt": 4831.22
  },
  {
    "adstrd_nm": "서울시 강서구 공항동",
    "adstrd_cd": 1150062000,
    "legaldong_nm": "방화동",
    "legaldong_cd": 1150010900,
    "tot_po": 26330,
    "tot_hshld_co": 11764,
    "hshld_per_po": 2.24,
    "ave_income_amt": 4573.18
  },
  {
    "adstrd_nm": "서울시 강서구 공항동",
    "adstrd_cd": 1150062000,
    "legaldong_nm": "과해동",
    "legaldong_cd": 1150011100,
    "tot_po": 26330,
    "tot_hshld_co": 11764,
    "hshld_per_po": 2.24,
    "ave_income_amt": 3571
  },
  {
    "adstrd_nm": "서울시 강서구 공항동",
    "adstrd_cd": 1150062000,
    "legaldong_nm": "오곡동",
    "legaldong_cd": 1150011200,
    "tot_po": 26330,
    "tot_hshld_co": 11764,
    "hshld_per_po": 2.24,
    "ave_income_amt": 3535.83
  },
  {
    "adstrd_nm": "서울시 강서구",
    "adstrd_cd": 1150062000,
    "legaldong_nm": "오쇠동",
    "legaldong_cd": 1150011300,
    "tot_po": 26330,
    "tot_hshld_co": 11764,
    "hshld_per_po": 2.24,
    "ave_income_amt": 3437.58
  },
  {
    "adstrd_nm": "서울시 강서구 방화1동",
    "adstrd_cd": 1150063000,
    "legaldong_nm": "마곡동",
    "legaldong_cd": 1150010500,
    "tot_po": 43150,
    "tot_hshld_co": 16332,
    "hshld_per_po": 2.64,
    "ave_income_amt": 6154.05
  },
  {
    "adstrd_nm": "서울시 강서구 방화1동",
    "adstrd_cd": 1150063000,
    "legaldong_nm": "공항동",
    "legaldong_cd": 1150010800,
    "tot_po": 43150,
    "tot_hshld_co": 16332,
    "hshld_per_po": 2.64,
    "ave_income_amt": 4831.22
  },
  {
    "adstrd_nm": "서울시 강서구 방화1동",
    "adstrd_cd": 1150063000,
    "legaldong_nm": "방화동",
    "legaldong_cd": 1150010900,
    "tot_po": 43150,
    "tot_hshld_co": 16332,
    "hshld_per_po": 2.64,
    "ave_income_amt": 4573.18
  },
  {
    "adstrd_nm": "서울시 강서구 방화2동",
    "adstrd_cd": 1150064000,
    "legaldong_nm": "방화동",
    "legaldong_cd": 1150010900,
    "tot_po": 22226,
    "tot_hshld_co": 10371,
    "hshld_per_po": 2.14,
    "ave_income_amt": 4573.18
  },
  {
    "adstrd_nm": "서울시 강서구 방화2동",
    "adstrd_cd": 1150064000,
    "legaldong_nm": "개화동",
    "legaldong_cd": 1150011000,
    "tot_po": 22226,
    "tot_hshld_co": 10371,
    "hshld_per_po": 2.14,
    "ave_income_amt": 5674.15
  },
  {
    "adstrd_nm": "서울시 강서구 방화3동",
    "adstrd_cd": 1150064100,
    "legaldong_nm": "방화동",
    "legaldong_cd": 1150010900,
    "tot_po": 22548,
    "tot_hshld_co": 10414,
    "hshld_per_po": 2.17,
    "ave_income_amt": 4573.18
  },
  {
    "adstrd_nm": "서울시 강남구 신사동",
    "adstrd_cd": 1168051000,
    "legaldong_nm": "신사동",
    "legaldong_cd": 1168010700,
    "tot_po": 15529,
    "tot_hshld_co": 6621,
    "hshld_per_po": 2.35,
    "ave_income_amt": 12828.44
  },
  {
    "adstrd_nm": "서울시 강남구",
    "adstrd_cd": 1168051000,
    "legaldong_nm": "압구정동",
    "legaldong_cd": 1168011000,
    "tot_po": 15529,
    "tot_hshld_co": 6621,
    "hshld_per_po": 2.35,
    "ave_income_amt": 16701.43
  },
  {
    "adstrd_nm": "서울시 강남구 논현1동",
    "adstrd_cd": 1168052100,
    "legaldong_nm": "논현동",
    "legaldong_cd": 1168010800,
    "tot_po": 22095,
    "tot_hshld_co": 12828,
    "hshld_per_po": 1.72,
    "ave_income_amt": 13078.13
  },
  {
    "adstrd_nm": "서울시 강남구 논현2동",
    "adstrd_cd": 1168053100,
    "legaldong_nm": "논현동",
    "legaldong_cd": 1168010800,
    "tot_po": 20669,
    "tot_hshld_co": 10294,
    "hshld_per_po": 2.01,
    "ave_income_amt": 13078.13
  },
  {
    "adstrd_nm": "서울시 강남구 압구정동",
    "adstrd_cd": 1168054500,
    "legaldong_nm": "신사동",
    "legaldong_cd": 1168010700,
    "tot_po": 24976,
    "tot_hshld_co": 9343,
    "hshld_per_po": 2.67,
    "ave_income_amt": 12828.44
  },
  {
    "adstrd_nm": "서울시 강남구 압구정동",
    "adstrd_cd": 1168054500,
    "legaldong_nm": "압구정동",
    "legaldong_cd": 1168011000,
    "tot_po": 24976,
    "tot_hshld_co": 9343,
    "hshld_per_po": 2.67,
    "ave_income_amt": 16701.43
  },
  {
    "adstrd_nm": "서울시 강남구 청담동",
    "adstrd_cd": 1168056500,
    "legaldong_nm": "청담동",
    "legaldong_cd": 1168010400,
    "tot_po": 25054,
    "tot_hshld_co": 10434,
    "hshld_per_po": 2.4,
    "ave_income_amt": 14058.2
  },
  {
    "adstrd_nm": "서울시 강남구 삼성1동",
    "adstrd_cd": 1168058000,
    "legaldong_nm": "삼성동",
    "legaldong_cd": 1168010500,
    "tot_po": 12698,
    "tot_hshld_co": 5130,
    "hshld_per_po": 2.48,
    "ave_income_amt": 14687.22
  },
  {
    "adstrd_nm": "서울시 강남구 삼성2동",
    "adstrd_cd": 1168059000,
    "legaldong_nm": "삼성동",
    "legaldong_cd": 1168010500,
    "tot_po": 28212,
    "tot_hshld_co": 12080,
    "hshld_per_po": 2.34,
    "ave_income_amt": 14687.22
  },
  {
    "adstrd_nm": "서울시 강남구 대치1동",
    "adstrd_cd": 1168060000,
    "legaldong_nm": "대치동",
    "legaldong_cd": 1168010600,
    "tot_po": 23521,
    "tot_hshld_co": 7005,
    "hshld_per_po": 3.36,
    "ave_income_amt": 13523.29
  },
  {
    "adstrd_nm": "서울시 강남구 대치2동",
    "adstrd_cd": 1168061000,
    "legaldong_nm": "대치동",
    "legaldong_cd": 1168010600,
    "tot_po": 35404,
    "tot_hshld_co": 12092,
    "hshld_per_po": 2.93,
    "ave_income_amt": 13523.29
  },
  {
    "adstrd_nm": "서울시 강남구 대치4동",
    "adstrd_cd": 1168063000,
    "legaldong_nm": "대치동",
    "legaldong_cd": 1168010600,
    "tot_po": 19547,
    "tot_hshld_co": 9479,
    "hshld_per_po": 2.06,
    "ave_income_amt": 13523.29
  },
  {
    "adstrd_nm": "서울시 강남구 역삼1동",
    "adstrd_cd": 1168064000,
    "legaldong_nm": "역삼동",
    "legaldong_cd": 1168010100,
    "tot_po": 34491,
    "tot_hshld_co": 21127,
    "hshld_per_po": 1.63,
    "ave_income_amt": 14566.28
  },
  {
    "adstrd_nm": "서울시 강남구 역삼2동",
    "adstrd_cd": 1168065000,
    "legaldong_nm": "역삼동",
    "legaldong_cd": 1168010100,
    "tot_po": 34617,
    "tot_hshld_co": 14111,
    "hshld_per_po": 2.45,
    "ave_income_amt": 14566.28
  },
  {
    "adstrd_nm": "서울시 강남구 도곡1동",
    "adstrd_cd": 1168065500,
    "legaldong_nm": "도곡동",
    "legaldong_cd": 1168011800,
    "tot_po": 20799,
    "tot_hshld_co": 7894,
    "hshld_per_po": 2.63,
    "ave_income_amt": 10121.65
  },
  {
    "adstrd_nm": "서울시 강남구 도곡2동",
    "adstrd_cd": 1168065600,
    "legaldong_nm": "도곡동",
    "legaldong_cd": 1168011800,
    "tot_po": 31740,
    "tot_hshld_co": 10880,
    "hshld_per_po": 2.92,
    "ave_income_amt": 10121.65
  },
  {
    "adstrd_nm": "서울시 강남구 개포1동",
    "adstrd_cd": 1168066000,
    "legaldong_nm": "개포동",
    "legaldong_cd": 1168010300,
    "tot_po": 6053,
    "tot_hshld_co": 2334,
    "hshld_per_po": 2.59,
    "ave_income_amt": 8492.84
  },
  {
    "adstrd_nm": "서울시 강남구 개포2동",
    "adstrd_cd": 1168067000,
    "legaldong_nm": "개포동",
    "legaldong_cd": 1168010300,
    "tot_po": 21067,
    "tot_hshld_co": 7463,
    "hshld_per_po": 2.82,
    "ave_income_amt": 8492.84
  },
  {
    "adstrd_nm": "서울시 강남구 개포2동",
    "adstrd_cd": 1168067000,
    "legaldong_nm": "일원동",
    "legaldong_cd": 1168011400,
    "tot_po": 21067,
    "tot_hshld_co": 7463,
    "hshld_per_po": 2.82,
    "ave_income_amt": 10611.15
  },
  {
    "adstrd_nm": "서울시 강남구 개포4동",
    "adstrd_cd": 1168069000,
    "legaldong_nm": "개포동",
    "legaldong_cd": 1168010300,
    "tot_po": 19458,
    "tot_hshld_co": 7890,
    "hshld_per_po": 2.47,
    "ave_income_amt": 8492.84
  },
  {
    "adstrd_nm": "서울시 강남구 세곡동",
    "adstrd_cd": 1168070000,
    "legaldong_nm": "세곡동",
    "legaldong_cd": 1168011100,
    "tot_po": 43088,
    "tot_hshld_co": 16826,
    "hshld_per_po": 2.56,
    "ave_income_amt": 11208.3
  },
  {
    "adstrd_nm": "서울시 강남구 세곡동",
    "adstrd_cd": 1168070000,
    "legaldong_nm": "자곡동",
    "legaldong_cd": 1168011200,
    "tot_po": 43088,
    "tot_hshld_co": 16826,
    "hshld_per_po": 2.56,
    "ave_income_amt": 12467.42
  },
  {
    "adstrd_nm": "서울시 강남구 세곡동",
    "adstrd_cd": 1168070000,
    "legaldong_nm": "율현동",
    "legaldong_cd": 1168011300,
    "tot_po": 43088,
    "tot_hshld_co": 16826,
    "hshld_per_po": 2.56,
    "ave_income_amt": 9195.11
  },
  {
    "adstrd_nm": "서울시 강남구 일원본동",
    "adstrd_cd": 1168072000,
    "legaldong_nm": "일원동",
    "legaldong_cd": 1168011400,
    "tot_po": 22639,
    "tot_hshld_co": 7506,
    "hshld_per_po": 3.02,
    "ave_income_amt": 10611.15
  },
  {
    "adstrd_nm": "서울시 강남구 일원본동",
    "adstrd_cd": 1168072000,
    "legaldong_nm": "수서동",
    "legaldong_cd": 1168011500,
    "tot_po": 22639,
    "tot_hshld_co": 7506,
    "hshld_per_po": 3.02,
    "ave_income_amt": 13308.37
  },
  {
    "adstrd_nm": "서울시 강남구 일원1동",
    "adstrd_cd": 1168073000,
    "legaldong_nm": "일원동",
    "legaldong_cd": 1168011400,
    "tot_po": 15052,
    "tot_hshld_co": 6898,
    "hshld_per_po": 2.18,
    "ave_income_amt": 10611.15
  },
  {
    "adstrd_nm": "서울시 강남구 일원1동",
    "adstrd_cd": 1168073000,
    "legaldong_nm": "수서동",
    "legaldong_cd": 1168011500,
    "tot_po": 15052,
    "tot_hshld_co": 6898,
    "hshld_per_po": 2.18,
    "ave_income_amt": 13308.37
  },
  {
    "adstrd_nm": "서울시 강남구 일원2동",
    "adstrd_cd": 1168074000,
    "legaldong_nm": "개포동",
    "legaldong_cd": 1168010300,
    "tot_po": 16809,
    "tot_hshld_co": 6927,
    "hshld_per_po": 2.43,
    "ave_income_amt": 8492.84
  },
  {
    "adstrd_nm": "서울시 강남구 일원2동",
    "adstrd_cd": 1168074000,
    "legaldong_nm": "대치동",
    "legaldong_cd": 1168010600,
    "tot_po": 16809,
    "tot_hshld_co": 6927,
    "hshld_per_po": 2.43,
    "ave_income_amt": 13523.29
  },
  {
    "adstrd_nm": "서울시 강남구 일원2동",
    "adstrd_cd": 1168074000,
    "legaldong_nm": "일원동",
    "legaldong_cd": 1168011400,
    "tot_po": 16809,
    "tot_hshld_co": 6927,
    "hshld_per_po": 2.43,
    "ave_income_amt": 10611.15
  },
  {
    "adstrd_nm": "서울시 강남구 수서동",
    "adstrd_cd": 1168075000,
    "legaldong_nm": "수서동",
    "legaldong_cd": 1168011500,
    "tot_po": 14617,
    "tot_hshld_co": 7420,
    "hshld_per_po": 1.97,
    "ave_income_amt": 13308.37
  },
  {
    "adstrd_nm": "서울시 강동구 강일동",
    "adstrd_cd": 1174051500,
    "legaldong_nm": "상일동",
    "legaldong_cd": 1174010300,
    "tot_po": 32044,
    "tot_hshld_co": 11319,
    "hshld_per_po": 2.83,
    "ave_income_amt": 6160.86
  },
  {
    "adstrd_nm": "서울시 강동구 강일동",
    "adstrd_cd": 1174051500,
    "legaldong_nm": "강일동",
    "legaldong_cd": 1174011000,
    "tot_po": 32044,
    "tot_hshld_co": 11319,
    "hshld_per_po": 2.83,
    "ave_income_amt": 4508.89
  },
  {
    "adstrd_nm": "서울시 강동구 상일동",
    "adstrd_cd": 1174052000,
    "legaldong_nm": "상일동",
    "legaldong_cd": 1174010300,
    "tot_po": 31951,
    "tot_hshld_co": 11053,
    "hshld_per_po": 2.89,
    "ave_income_amt": 6160.86
  },
  {
    "adstrd_nm": "서울시 강동구 명일1동",
    "adstrd_cd": 1174053000,
    "legaldong_nm": "명일동",
    "legaldong_cd": 1174010100,
    "tot_po": 25205,
    "tot_hshld_co": 9358,
    "hshld_per_po": 2.69,
    "ave_income_amt": 6783.31
  },
  {
    "adstrd_nm": "서울시 강동구 명일2동",
    "adstrd_cd": 1174054000,
    "legaldong_nm": "명일동",
    "legaldong_cd": 1174010100,
    "tot_po": 16574,
    "tot_hshld_co": 5563,
    "hshld_per_po": 2.98,
    "ave_income_amt": 6783.31
  },
  {
    "adstrd_nm": "서울시 강동구 고덕1동",
    "adstrd_cd": 1174055000,
    "legaldong_nm": "고덕동",
    "legaldong_cd": 1174010200,
    "tot_po": 25452,
    "tot_hshld_co": 8408,
    "hshld_per_po": 3.03,
    "ave_income_amt": 7281.59
  },
  {
    "adstrd_nm": "서울시 강동구 고덕2동",
    "adstrd_cd": 1174056000,
    "legaldong_nm": "고덕동",
    "legaldong_cd": 1174010200,
    "tot_po": 21626,
    "tot_hshld_co": 8191,
    "hshld_per_po": 2.64,
    "ave_income_amt": 7281.59
  },
  {
    "adstrd_nm": "서울시 강동구 암사1동",
    "adstrd_cd": 1174057000,
    "legaldong_nm": "암사동",
    "legaldong_cd": 1174010700,
    "tot_po": 34597,
    "tot_hshld_co": 14605,
    "hshld_per_po": 2.37,
    "ave_income_amt": 6043.68
  },
  {
    "adstrd_nm": "서울시 강동구 암사2동",
    "adstrd_cd": 1174058000,
    "legaldong_nm": "암사동",
    "legaldong_cd": 1174010700,
    "tot_po": 14902,
    "tot_hshld_co": 5942,
    "hshld_per_po": 2.51,
    "ave_income_amt": 6043.68
  },
  {
    "adstrd_nm": "서울시 강동구 암사3동",
    "adstrd_cd": 1174059000,
    "legaldong_nm": "암사동",
    "legaldong_cd": 1174010700,
    "tot_po": 17455,
    "tot_hshld_co": 5898,
    "hshld_per_po": 2.96,
    "ave_income_amt": 6043.68
  },
  {
    "adstrd_nm": "서울시 강동구 천호1동",
    "adstrd_cd": 1174060000,
    "legaldong_nm": "천호동",
    "legaldong_cd": 1174010900,
    "tot_po": 26550,
    "tot_hshld_co": 11538,
    "hshld_per_po": 2.3,
    "ave_income_amt": 5327.28
  },
  {
    "adstrd_nm": "서울시 강동구 천호2동",
    "adstrd_cd": 1174061000,
    "legaldong_nm": "천호동",
    "legaldong_cd": 1174010900,
    "tot_po": 34927,
    "tot_hshld_co": 16215,
    "hshld_per_po": 2.15,
    "ave_income_amt": 5327.28
  },
  {
    "adstrd_nm": "서울시 강동구 천호3동",
    "adstrd_cd": 1174062000,
    "legaldong_nm": "천호동",
    "legaldong_cd": 1174010900,
    "tot_po": 26140,
    "tot_hshld_co": 12685,
    "hshld_per_po": 2.06,
    "ave_income_amt": 5327.28
  },
  {
    "adstrd_nm": "서울시 강동구 성내1동",
    "adstrd_cd": 1174064000,
    "legaldong_nm": "성내동",
    "legaldong_cd": 1174010800,
    "tot_po": 19405,
    "tot_hshld_co": 7580,
    "hshld_per_po": 2.56,
    "ave_income_amt": 6010.61
  },
  {
    "adstrd_nm": "서울시 강동구 성내2동",
    "adstrd_cd": 1174065000,
    "legaldong_nm": "성내동",
    "legaldong_cd": 1174010800,
    "tot_po": 24026,
    "tot_hshld_co": 11954,
    "hshld_per_po": 2.01,
    "ave_income_amt": 6010.61
  },
  {
    "adstrd_nm": "서울시 강동구 성내3동",
    "adstrd_cd": 1174066000,
    "legaldong_nm": "성내동",
    "legaldong_cd": 1174010800,
    "tot_po": 22682,
    "tot_hshld_co": 9716,
    "hshld_per_po": 2.33,
    "ave_income_amt": 6010.61
  },
  {
    "adstrd_nm": "서울시 강동구 길동",
    "adstrd_cd": 1174068500,
    "legaldong_nm": "길동",
    "legaldong_cd": 1174010500,
    "tot_po": 44791,
    "tot_hshld_co": 19714,
    "hshld_per_po": 2.27,
    "ave_income_amt": 6449.34
  },
  {
    "adstrd_nm": "서울시 강동구 둔촌1동",
    "adstrd_cd": 1174069000,
    "legaldong_nm": "둔촌동",
    "legaldong_cd": 1174010600,
    "tot_po": 36,
    "tot_hshld_co": 14,
    "hshld_per_po": 2.57,
    "ave_income_amt": 5761.6
  },
  {
    "adstrd_nm": "서울시 강동구 둔촌2동",
    "adstrd_cd": 1174070000,
    "legaldong_nm": "둔촌동",
    "legaldong_cd": 1174010600,
    "tot_po": 26071,
    "tot_hshld_co": 10041,
    "hshld_per_po": 2.6,
    "ave_income_amt": 5761.6
  }
]